Name,Price,Rating,Brand,Page,Processor,RAM,Storage,Display,Graphics,Operating_System
"Lenovo IdeaPad Slim 3, Intel Core i5-12450H, 12th Gen, 16GB RAM, 512GB SSD, FHD, 14""/35.5cm, Windows 11, MS Office Home 2024, Grey, 1.37Kg, 83EQ0072IN, Alexa Built-in, 3 mon. Game Pass Laptop","50,499",,Lenovo,1,Intel Core i5-12450H,16 GB,512GB SSD,,,Windows 11
"Lenovo LOQ 2024 12Th Gen Intel Core I5-12450HX | NVIDIA RTX 2050 4GB (12GB RAM/512GB SSD/15.6"" (39.6Cm)/Windows 11/Office Home 2024/100% Srgb/3 Mon. Game Pass/Grey/2.4Kg), 83GS00LJIN Gaming Laptop","62,990",N/A,Lenovo,1,Intel Core I5-12450HX ,12 GB,512GB SSD,,,Windows 11
"Lenovo IdeaPad Slim 3, Intel Core i5-12450H, 12th Gen, 16GB RAM, 512GB SSD, FHD IPS, 14""/35.5cm, Windows 11, MS Office Home 2024, Grey, 1.37Kg, 83EQ0073IN, 1Yr ADP Free, Thin & Light Laptop","50,190",,Lenovo,1,Intel Core i5-12450H,16 GB,512GB SSD,,,Windows 11
"HP Victus, AMD Ryzen 5 5600H, NVIDIA RTX 3050, 16GB DDR4, 512GB SSD (Win11, Office21, Blue, 2.37kg) 144Hz, 9MS, IPS, 15.6-inch(39.6cm) Gaming Laptop, Backlit kb, Enhanced Cooling, fb0106AX/Fb0112AX","62,499",,HP,1,AMD Ryzen 5 5600H,,512GB SSD,,,
"Lenovo V15 G4 AMD Ryzen 5 7520U 15.6 inch FHD Thin & Lite Laptop, AMD Graphics, 16GB DDR5 5500Mhz Ram, 512GB SSD NVMe, Windows 11, Dolby Audio, Arctic Grey, 1 Year Onsite Brand Warranty","35,990",,Lenovo,1,AMD Ryzen 5 7520U 15,,512GB SSD,15.6 inch FHD,,Windows 11
"HP 255 Notebook, AMD Athlon Silver 7120U,8GB DDR4, 256GB SSD, 15.6-inch(39.6cm),Anti-Glare, HD Laptop, Radeon Graphics, (Win 11, Silver,1.52kg) G10","23,840",,HP,1,,,256GB SSD,,,
"Acer Aspire 3, Intel Core Celeron N4500, 8GB LPDDR4X, 512GB SSD, HD, 14""/35.56cm, Windows 11 Home, Pure Silver, 1.3KG, A324-45, HD Webcam, 38 WHR Laptop","22,990",,Acer,1,Intel Core Celeron N4500,,512GB SSD,,,Windows 11 Home
"Lenovo IdeaPad Slim 3, Intel Core i5-12450H, 12th Gen, 16GB RAM, 512GB SSD, FHD, 14""/35.5cm, Windows 11, MS Office Home 2024, Grey, 1.37Kg, 83EQ0072IN, Alexa Built-in, 3 mon. Game Pass Laptop","50,499",,Lenovo,1,Intel Core i5-12450H,16 GB,512GB SSD,,,Windows 11
"Acer [SmartChoice Aspire Lite AMD Ryzen 5-5625U Premium Thin and Light Laptop (16 GB RAM/512 GB SSD/Windows 11 Home) AL15-41, 39.62 cm (15.6"") Full HD Display, Metal Body, Steel Gray, 1.59 KG","34,490",,Acer,1,AMD Ryzen 5-5625U Premium Thin and Light Laptop ,16 GB,512 GB SSD,,,Windows 11 Home
"Apple MacBook Air Laptop: Apple M1 chip, 13.3-inch/33.74 cm Retina Display, 8GB RAM, 256GB SSD Storage, Backlit Keyboard, FaceTime HD Camera, Touch ID. Works with iPhone/iPad; Space Grey","58,990",,Apple,1,,8 GB,256GB SSD,,,
"Lenovo IdeaPad Slim 3, Intel Core i3, 12th Gen, 8GB RAM, 512GB SSD, FHD, 15.6""/39.62cm, Windows 11, Office Home 2024, Arctic Grey, 1.63Kg, 82RK01ABIN, Intel UHD Graphics, 1Yr ADP Free Laptop","33,990",,Lenovo,1,Intel Core i3,8 GB,512GB SSD,,Intel UHD Graphics,Windows 11
"Dell 15 3520 Thin & Light Laptop, Intel Core i3-1215U Processor, 12th Gen (8GB RAM /512GB SSD /Window 11 /MS Office' 21 /15.6""(39.62 Cm) FHD Display /Intel UHD Graphics/15 Month Mcafee /Black /1.69Kg","38,364",,Dell,1,Intel Core i3-1215U Processor,8 GB,512GB SSD,,Intel UHD Graphics,
"Acer One 11 Intel Celeron N4500 (Windows 11 Home/ 8 GB/ 256 GB SSD) 29.64 cm (11.6"") Anti Glare HD Laptop, Z8-284, 1.1 KG, Deep Blue","17,990",,Acer,1,Intel Celeron N4500 ,,256 GB SSD,,,Windows 11 Home
"Lenovo V15 G4 AMD Athlon Silver 7120U Laptop 8GB LPDDR5 Ram, 512 GB SSD PCIe, Windows 11 Lifetime Validity,15.6"" FHD Screen, AMD Radeon 610M, Silver, 1 Year Brand Warranty","24,990",,Lenovo,1,,,512 GB SSD,"15.6"" FHD",,Windows 11 
"ASUS TUF Gaming A15, AMD Ryzen 7 7435HS Gaming Laptop(NVIDIA RTX 3050-4GB/60W TGP/16GB RAM/512GB SSD/FHD/15.6""/144Hz/RGB KB/48WHr/Windows 11//Graphite Black/2.30 Kg) FA506NCR-HN054W","63,890",,ASUS,1,AMD Ryzen 7 7435HS Gaming Laptop,16 GB,512GB SSD,,,Windows 11
"Lenovo V14 G3 (2024), Intel Core i3 12th Gen 1215U - (16GB/512GB SSD/Intel UHD Graphics/Windows 11) Thin and Light Business Laptop/14.0"" FHD Display/Iron Grey/1.57 kg/MS Office 2021","33,890",,Lenovo,1,Intel Core i3 12th Gen 1215U - ,,512GB SSD,"14.0"" FHD",Intel UHD Graphics,Windows 11
"HP Laptop 250R G9 (2024), Intel Core i3 13th Gen 1315U - (8GB/512GB SSD/Intel UHD Graphics) Thin and Light Business Laptop/15.6"" (39.62cm)/Ash Grey/1.57 kg","30,670",,HP,1,Intel Core i3 13th Gen 1315U - ,,512GB SSD,,Intel UHD Graphics,
"Lenovo V15 Intel Celeron N4500 15.6"" (39.62 cm) FHD (1920x1080) Antiglare 250 Nits Thin and Light Laptop (8GB RAM/256GB SSD/Windows 11 Home/Black/1Y Onsite/1.7 kg), 82QYA00MIN","21,932",,Lenovo,1,Intel Celeron N4500 15,8 GB,256GB SSD,,,Windows 11 Home
"ASUS TUF Gaming A15, 15.6"" (39.62cm) FHD 16:9 144Hz, AMD Ryzen 7 7435HS, Gaming Laptop (16 DDR5/512GB SSD/NVIDIA GeForce RTX 2050/Windows 11 Home/Graphite Black/2.30 Kg), FA506NFR-HN045W","56,990",,ASUS,1,AMD Ryzen 7 7435HS,,512GB SSD,,NVIDIA GeForce RTX,Windows 11 Home
"Acer Aspire 3 Laptop Intel Core Celeron N4500 Processor Laptop (8 GB LPDDR4X SDRAM/256 GB SSD/Win11 Home/38 WHR/HD Webcam) A324-45 with 35.56 cm (14"") HD Display, Pure Silver, 1.3 KG","21,490",,Acer,1,Intel Core Celeron N4500 Processor Laptop ,,256 GB SSD,,,
"HP 15s,12th Gen Intel Core i3-1215U, 8GB DDR4, 256GB SSD, Anti-Glare, Micro-Edge, 15.6-inch(39.6cm) FHD Laptop, Intel UHD Graphics, Full-Size KB (Win 11, Office 21, Silver, 1.69kg) fy5010tu","30,990",,HP,1,Intel Core i3-1215U,,256GB SSD,,Intel UHD Graphics,
"MSI Modern 14, Intel 12Th Gen. I7-1255U, 36Cm FHD 60Hz Laptop(16GB/512GB NVME SSD/Windows 11 Home/Bluetooth/Mso 2021/Intel Iris Xe Graphics/Classic Black/1.4Kg), C12MO-1211IN","45,990",,MSI,1,,,,,Intel Iris Xe Graphics,Windows 11 Home
"Lenovo IdeaPad Slim 3, Intel Core i3, 12th Gen, 8GB RAM, 512GB SSD, FHD, 15.6""/39.62cm, Windows 11, Office Home 2024, Arctic Grey, 1.63Kg, 82RK01ABIN, Intel UHD Graphics, 1Yr ADP Free Laptop","33,990",,Lenovo,2,Intel Core i3,8 GB,512GB SSD,,Intel UHD Graphics,Windows 11
"Lenovo IdeaPad Slim 3, Intel Core i5-12450H, 12th Gen, 16GB RAM, 512GB SSD, FHD, 14""/35.5cm, Windows 11, MS Office Home 2024, Grey, 1.37Kg, 83EQ0072IN, Alexa Built-in, 3 mon. Game Pass Laptop","50,499",,Lenovo,2,Intel Core i5-12450H,16 GB,512GB SSD,,,Windows 11
"Acer Aspire Lite, AMD Ryzen 3 5300U Processor (8GB RAM, 512GB SSD) Full HD, 15.6""/39.62cm, Windows 11 Home, Steel Gray, 1.59 kg, AL15-41, Metal Body, Premium Thin and Light Laptop","26,890",,Acer,2,AMD Ryzen 3 5300U Processor ,8 GB,512GB SSD,,,Windows 11 Home
"HP 15, AMD Ryzen 3 7320U Laptop (8GB LPDDR5, 512GB SSD) Anti-Glare, Micro-Edge, 15.6""/39.6cm,FHD, Win 11, Silver, 1.59kg, AMD Radeon Graphics, 1080p HD Camera, fc0154AU","29,760",,HP,2,AMD Ryzen 3 7320U Laptop ,,512GB SSD,,AMD Radeon Graphics,
"2022 Apple MacBook Air Laptop with M2 chip: 13.6-inch Liquid Retina Display, 16GB RAM, 256GB SSD Storage, Backlit Keyboard, 1080p FaceTime HD Camera. Works with iPhone and iPad; Midnight","79,900",,2022,2,,16 GB,256GB SSD,,,
"Lenovo V15 Intel Core i7 12th Gen 15.6"" (39.62 cm) FHD (1920x1080) Antiglare 250 nits Thin and Light Laptop (16GB RAM/512GB SSD/Windows 11 Home/Iron Grey/1Y Onsite/1.7 kg), 82TT004VIH","44,990",,Lenovo,2,Intel Core i7 12th Gen 15,16 GB,512GB SSD,,,Windows 11 Home
"Primebook S 4G, 2025(New, WiFi+4G) Android Based MediaTek MT8788 - (PrimeOS) 4G SIM Slot, Thin and Light Laptop (11.6 Inch, 1.065 Kg, Type C, USB, HDMI, MicroSD) (4GB/128GB eMMC Storage, Black)","16,490",,Primebook,2,,,,,,
"Primebook 4G, 2025(New, WiFi+4G) Android Based MediaTek MT8788 - (PrimeOS) 4G SIM Slot, Thin and Light Laptop (11.6 Inch, 1.065 Kg, Type C, USB, HDMI, MicroSD) (4GB/64GB eMMC Storage, Black)","15,490",,Primebook,2,,,,,,
"Dell Inspiron 3530 Laptop, 13th Gen Intel Core i5-1334U Processor, 16GB, 512GB SSD, 15.6""(39.62cm) FHD 120Hz 250 nits, Backlit KB, Windows 11 + MSO'24 & 15 Month McAfee, Silver, Thin & Light- 1.62kg","57,528",,Dell,2,Intel Core i5-1334U Processor,,512GB SSD,,,Windows 11 
"Lenovo IdeaPad Slim 3, Intel Core i5-12450H 12th Gen, 16GB RAM, 512GB SSD, FHD 250Nits, 14""/35.5cm, Windows 11, MSOffice 21, Grey, 1.37Kg, 83EQ005VIN,1Yr Warranty,Alexa Built-in,3 mon. GamePass Laptop","51,390",,Lenovo,2,Intel Core i5-12450H 12th Gen,16 GB,512GB SSD,,,Windows 11
"Dell 15 3520 Thin & Light Laptop, Intel Core i3-1215U Processor, 12th Gen (8GB RAM /512GB SSD /Window 11 /MS Office' 21 /15.6""(39.62 Cm) FHD Display /Intel UHD Graphics/15 Month Mcafee /Black /1.69Kg","38,364",,Dell,2,Intel Core i3-1215U Processor,8 GB,512GB SSD,,Intel UHD Graphics,
"MSI Modern 14, Intel 12Th Gen. I7-1255U, 36Cm FHD 60Hz Laptop(16GB/512GB NVME SSD/Windows 11 Home/Bluetooth/Mso 2021/Intel Iris Xe Graphics/Classic Black/1.4Kg), C12MO-1211IN","45,990",,MSI,2,,,,,Intel Iris Xe Graphics,Windows 11 Home
"Lenovo V15 AMD Ryzen 3 7320U 15.6"" (39.62cm) FHD 250 Nits Antiglare Thin and Light Laptop (8GB/512GB SSD/Windows 11 Home/Arctic Grey/1.63 Kg), 83CQ000XIN","26,990",,Lenovo,2,AMD Ryzen 3 7320U 15,,512GB SSD,,,Windows 11 Home
"Apple 2025 MacBook Air (13-inch, Apple M4 chip with 10-core CPU and 8-core GPU, 16GB Unified Memory, 256GB) - Sky Blue","99,900",,Apple,2,,,,,,
"Lenovo V14 G3, 12th Gen Intel Core i7-1255U Upto 4.70Ghz (16GB RAM/512GB SSD/Windows 11) 14.0"" FHD Display Thin and Light Laptop/Iron Grey /1.70 kg 1 Year Onsite Brand Warranty","45,999",,Lenovo,2,Intel Core i7-1255U Upto 4,16 GB,512GB SSD,"14.0"" FHD",,Windows 11
"Chuwi HeroBook Pro 14.1'' Intel Celeron N4020 Laptop with 8GB RAM, 256GB SSD, Windows 11, 1TB Expand, FHD IPS, Ultra Slim, USB3.0, Mini-HDMI, Webcam","17,990",,Chuwi,2,Intel Celeron N4020 Laptop with 8GB RAM,8 GB,256GB SSD,,,Windows 11
"HP 15 AMD Ryzen 3 7320U (8GB LPDDDR5 Ram/512GB NVMe M.2 SSD/Anti Glare, Micro Edge/15.6"" (39.6 Cm) FHD/Backlit Keyboard/Win11 Home+MS Office'21/ AMD Radeon Graphics, HD Camera/1.59Kg/Silver) Fc0026AU","30,970",,HP,2,AMD Ryzen 3 7320U ,,,,AMD Radeon Graphics,
"HP Smartchoice Omen, AMD Ryzen 9 7940HS, 8GB RTX 4070 AI-Powered Gaming Laptop (16GB DDR5, 1TB SSD) 165Hz, IPS, 300 nits, 16.1/40.9cm, FHD, Black, 2.38kg, RGB Backlit KB, B&O, xf0100AX","1,37,999",,HP,2,AMD Ryzen 9 7940HS,,1TB SSD,,,
"Lenovo Smartchoice LOQ, Intel Core i5-12450HX, 12th Gen, RTX 3050-6GB, 16GB RAM, 512GB SSD, FHD 144Hz 300Nits, 15.6""/39.6cm, Windows 11, MS Office 21, Grey, 2.4Kg, 83GS003UIN, Gaming Laptop","69,990",,Lenovo,2,Intel Core i5-12450HX,16 GB,512GB SSD,,,Windows 11
"Dell Inspiron 3530 Thin & Light Laptop, 13th Gen Intel Core i3-1305U Processor, 8GB, 512GB SSD, 15.6"" (39.62cm) FHD 120Hz 250nits, Standard Keyboard, Windows 11+MSO'21 & 15 Month McAfee, Black, 1.62kg","34,711",,Dell,2,Intel Core i3-1305U Processor,,512GB SSD,,,Windows 11
"Lenovo IdeaPad Slim 5 AMD Ryzen AI 7 350, Copilot+ AI PC(24GB RAM/1TB SSD/14(35.5cm) WUXGA OLED/AI Now/50TOPS/Win 11/Office Home 2024/Backlit Keyboard/1Yr ADP Free/Grey/1.4Kg), 83HX001NIN AI Laptop","86,231",,Lenovo,2,AMD Ryzen AI 7 350,24 GB,1TB SSD,,,
"Lenovo IdeaPad Slim 3 Ryzen 5 5625U 15.6"" (39.6cm) FHD Thin and Light Laptop (16GB RAM/512GB SSD/Integrated AMD Radeon Graphics/Windows 11/Office Home 2024/Grey/1.6Kg), 82XM00QDIN","42,489",,Lenovo,2,,16 GB,512GB SSD,,AMD Radeon Graphics,Windows 11
"Lenovo IdeaPad 3, Intel Core i3-1215U, 12th Gen, 8GB RAM, 512GB SSD, FHD, 14""/35.5cm, Windows 11, MSOffice 2021, Arctic Grey, 1.43Kg, 82RJ00FUIN, 1 Year Warranty, 3months Game Pass, Thin& Light Laptop","32,990",,Lenovo,3,Intel Core i3-1215U,8 GB,512GB SSD,,,Windows 11
"Lenovo IdeaPad Slim 3, Intel Core i5-12450H 12th Gen, 16GB RAM, 512GB SSD, FHD 250Nits, 14""/35.5cm, Windows 11, MSOffice 21, Grey, 1.37Kg, 83EQ005VIN,1Yr Warranty,Alexa Built-in,3 mon. GamePass Laptop","51,390",,Lenovo,3,Intel Core i5-12450H 12th Gen,16 GB,512GB SSD,,,Windows 11
STRIFF Adjustable Laptop Tabletop Stand Patented Riser Ventilated Portable Foldable Compatible with MacBook Notebook Tablet Tray Desk Table Book with Free Phone Stand (Black),249,,STRIFF,3,,,,,,
"HP 255 G10 7000 Series AMD Ryzen 5 Quad Core 7520U 2.8Ghz Upto 4.3Ghz - (8 GB/512 GB SSD/Windows 11 / AMD Radeon Graphics) 255 G10 Thin and Light Laptop (15.6 inch, Matt Silver, 1.45 kg)","28,990",,HP,3,AMD Ryzen 5 Quad Core 7520U 2,,512 GB SSD,,AMD Radeon Graphics,Windows 11 
"EDNITA Mini Laptop Stand for Desk | Portable Metal PC Desk Stand, Aluminium Cooling Pad Mini Clip Compatible with MacBook Apple Laptop, Lenovo, Dell, Hp, Acer & Other Laptops Pack of-2 (Silver)",198,,EDNITA,3,,,,,,
"JioBook 11 with Lifetime Office/Android 4G Laptop Mediatek 8788 (JioOS) / Octa-core/ 4GB RAM / 64 eMMC Storage/Thin and Light Laptop (11.6 inch, 990 Grams)/ Dual Band WiFi + SIM/Blue","12,990",,JioBook,3,,4 GB,,,,
"Primebook S WiFi, 2025(New) Android Based MediaTek MT8183 - (PrimeOS) Thin and Light Laptop (11.6 Inch, 1.065 Kg, Type C) (4GB/128GB eMMC Storage)","14,490",,Primebook,3,,,,,,
"Lenovo V15 AMD Ryzen 7 7730U 15.6"" (39.62cm) FHD 250 Nits Antiglare Thin and Light Laptop (16GB/512GB SSD/Windows 11/Iron Grey/1.65 Kg) Grey","40,990",,Lenovo,3,AMD Ryzen 7 7730U 15,,512GB SSD,,,Windows 11
"Dell Inspiron 3530 Thin & Light Laptop,13th Gen Intel Core i7-1355U Processor,16GB & 512GB SSD,15.6"" (39.62cm) FHD Display,Backlit KB,Win 11 + Office H&S 2024 + M365 & 15 Month McAfee, Silver,1.62kg","70,604",,Dell,3,Intel Core i7-1355U Processor,,512GB SSD,,,
"Portronics My Buddy K Portable Laptop Stand with Adjustable Height, Foldable, OverHeating Protection for Laptops & MacBooks (Grey)",399,,Portronics,3,,,,,,
"Lenovo Smartchoice LOQ AMD Ryzen 5 7235HS | NVIDIA RTX 3050 6GB (24GB RAM/512GB SSD/15.6"" (39.6cm)/Windows 11/Office Home 2024/100% sRGB/3 Mon. Game Pass/Grey/2.4Kg), 83JC00EFIN Gaming Laptop","67,490",,Lenovo,3,AMD Ryzen 5 7235HS ,24 GB,512GB SSD,,,Windows 11
"HP 15s, 12th Gen Intel Core i3-1215U Laptop (8GB DDR4, 512GB SSD) Anti-Glare, 15.6""/39.6cm, FHD, Win 11, MS Office 21, Silver, 1.69kg, Intel UHD Graphics, HD Camera, Dual Speakers, fy5011TU","34,490",,HP,3,Intel Core i3-1215U Laptop ,,512GB SSD,,Intel UHD Graphics,
"Ant Esports NC230 RGB Gaming Notebook Cooler, 10"" - 17"" + Gaming Laptop Cooling Pad for PC + USB Powered Fan + Very Stable and Silent + Compatible Mac and PS5/PS4",659,,Ant,3,,,,,,
"HP 15, 13th Gen Intel Core i3-1315U, 8GB DDR4, 512GB SSD, (Win 11, Office 21, Grey, 1.59kg), Anti-Glare, Micro-Edge,15.6-inch(39.6cm), FHD Laptop, Intel UHD Graphics, 1080p FHD Camera, fd0006TU","37,690",,HP,3,Intel Core i3-1315U,,512GB SSD,,Intel UHD Graphics,
(Refurbished) Lenovo ThinkPad 8th Gen Intel Core i5 Thin & Light HD Laptop (16 GB DDR4 RAM/512 GB SSD/14 (35.6 cm) HD/Windows 11/MS Office/WiFi/Bluetooth 4.1/Webcam/Intel Graphics),"24,699",,(Refurbished),3,Intel Core i5 Thin ,16 GB,512 GB SSD,,,Windows 11
"Cable World Educational Laptop Computer Toy for Kids Above 3 Years - 20 Fun Activity Learning Machine, Now Learn Letter, Words, Games, Mathematics, Music, Logic, Memory Tool,Pink",799,,Cable,3,,,,,,
Lenovo V15 Intel Celeron n4500 FHD 15.6 inch Laptop / 8GB DDR4 Ram and 256GB NVME SSD/Intel UHD Graphics/Windows 11 & MS-Office/Privacy Shutter/Black / 1.6kg / 1 Year Brand Warranty,"22,490",,Lenovo,3,Intel Celeron n4500 FHD 15,8 GB,,,Intel UHD Graphics,Windows 11 
"Cable World Educational Laptop Computer Toy Educational Computer for Kids Above 3 Years - 20 Fun Activity Learning Machine, Now Learn Letter, Words, Games, Mathematics, Music, Logic, Memory Tool,Blue",749,,Cable,3,,,,,,
"Lenovo V14 G3 14"" FHD Laptop, Intel Core i5-1235U, 16GB DDR4 RAM, 512GB SSD, Intel Iris Xe Graphics, Windows 11, Ms-Office Lifetime Validity, Iron Grey,1.6kg, 1 Year Onsite Brand Warranty","41,990",,Lenovo,3,Intel Core i5-1235U,16 GB,512GB SSD,"14"" FHD",Intel Iris Xe Graphics,Windows 11
"Dyazo 6 Angles Adjustable Aluminum Ergonomic Foldable Portable Tabletop Laptop/Desktop Riser Stand Holder Compatible for MacBook, HP, Dell, Lenovo & All Other Notebook (Silver)",349,,Dyazo,3,,,,,,
"acer Professional 14, AMD Ryzen 3-7330U, 16GB RAM, 512GB SSD, 14"" Full HD,UHD Graphics, Premium Metal Body, Ultra Durable, Windows 11 Pro, MSO 21 pro, 1.34KG, TL14-42M, Light Laptop","32,790",,acer,3,AMD Ryzen 3-7330U,16 GB,512GB SSD,,,Windows 11 Pro
"CHUWI CoreBook X Pro Laptop 12thGen i5-12450H Processor 15.6"" Laptop with 16GB DDR4 RAM and 512GB SSD, FHD Display, Backlit Keyboard, Windows 11, Gray, 3xUSB3.0,1xHDMI,SD Card Slot,3.5MM,Camera Switch","33,990",,CHUWI,3,,16 GB,512GB SSD,,,Windows 11
Microsoft New Surface Laptop (7th Edition) - Windows 11 Home Copilot + PC - 13.8” LCD PixelSense Touchscreen - Qualcomm Snapdragon X Plus (10 Core) - 16GB RAM - 256GB SSD - Platinum - ZGJ-00023,"1,08,990",,Microsoft,4,,16 GB,256GB SSD,,,Windows 11 Home
"HP Pavilion x360, 13th Gen Intel Core i5-1335U, 14-inch (35.6 cm), FHD, Touchscreen, 16GB DDR4, 1TB SSD, FPR, 5 MP Camera, Backlit KB, Audio by B&O, Pen (Win 11, MSO 2021, Silver, 1.51 kg), ek1010TU","75,990",,HP,4,Intel Core i5-1335U,,1TB SSD,,,
"HP 255 G9 Ryzen 3 Dual Core AMD Ryzen 3 Processor 3250U - (8 GB/512 GB SSD/AMD Radeon Graphics) 9H237PT Thin and Light Laptop (15.6 inch, Black, 1.47 kg)","23,980",,HP,4,AMD Ryzen 3 Processor 3250U - ,,512 GB SSD,,AMD Radeon Graphics,
"ACER One 14 AMD Ryzen 3 Dual Core 3250U - (8 GB/512 GB SSD/Windows 11 Home) Z2-493 Thin and Light Laptop (14 inch HD Display, Silver, 1.5 Kg) 2 Years Brand Warranty","22,999",,ACER,4,AMD Ryzen 3 Dual Core 3250U - ,,512 GB SSD,14 inch HD,,Windows 11 Home
"HP Victus Gaming Laptop, 12th Gen Intel Core i7-12650H, 4GB RTX 3050 GPU, 15.6-inch (39.6 cm), FHD, IPS, 144Hz, 16GB DDR4, 1TB SSD, Backlit KB, B&O, Dual Speakers (MSO, Silver, 2.29 kg), fa0187TX","74,990",,HP,4,Intel Core i7-12650H,,1TB SSD,,,
"ASUS VivoBook 15 (2022), Intel Core i3-1215U, 12th Gen, 8GB RAM, 512GB SSD, FHD, 15.6""/39.62cm, Windows 11, Office 2021, Cool Silver, 1.7KG, X1504ZA-NJ322WS, Backlit KB Laptop","30,990",,ASUS,4,Intel Core i3-1215U,8 GB,512GB SSD,,,Windows 11
"Sounce 3 in 1 Cleaning Set for Screen PC, Laptops, Monitors, Mobiles, LCD, LED, TV/Professional Quality/Prevents Static Electricity, 100ml with Micro Fiber Cloth and Soft Brush",149,,Sounce,4,,,,,,
"Dell (Smartchoice) Inspiron 3530 Thin & Light Laptop, 13th Gen Intel Core i5-1334U Processor,16GB, 1TB SSD, 15.6"" (39.62cm) FHD Display, Backlit KB, Windows 11 + MSO'24 & 15 Month McAfee,Silver,1.62kg","56,800",,Dell,4,Intel Core i5-1334U Processor,,1TB SSD,,,Windows 11 
"HP 15, AMD Ryzen 5 7520U, 16GB DDR5, 512GB SSD, (Win 11, Office 21, Silver, 1.59kg), Anti-Glare, Micro-Edge, 15.6-inch(39.6cm), FHD Laptop, AMD Radeon Graphics, 1080p FHD Camera, Backlit KB, fc0156AU","41,800",,HP,4,AMD Ryzen 5 7520U,,512GB SSD,,AMD Radeon Graphics,
"Chuwi FreeBook 13.5 Inch 2 in 1 Touchscreen Laptop,Flipped 360 Degree, Windows 11,Intel Core i3-1215U 12th gen, 46.2Wh, 12 GB RAM LPDDR4 512 GB SSD Expandable Upto 1 TB, Backlit Keyboard","30,990",,Chuwi,4,Intel Core i3-1215U 12th gen,12 GB,512 GB SSD,,,Windows 11
"Lenovo ThinkPad E14 AMD Ryzen 5 7530U 14"" (35.56 cm) WUXGA IPS 300 Nits Thin and Light Laptop (8GB RAM/512GB SSD/Win 11 Home/AMD Radeon Graphics/Backlit/FPR/Office H&S 2021/Black/1.41 kg), 21JRS00T00","47,990",,Lenovo,4,AMD Ryzen 5 7530U 14,8 GB,512GB SSD,,AMD Radeon Graphics,
"Chuwi HeroBook Pro 14.1'' Intel Celeron N4020 Laptop with 8GB RAM, 256GB SSD, Windows 11, 1TB Expand, FHD IPS, Ultra Slim, USB3.0, Mini-HDMI, Webcam","17,990",,Chuwi,4,Intel Celeron N4020 Laptop with 8GB RAM,8 GB,256GB SSD,,,Windows 11
"Samsung Galaxy Book3 Pro Intel 13th Gen i7 EvoTM 35.56cm(14"") Dynamic Amoled 2X, 3K Display, 120Hz, Ultra Thin & Light Laptop(16 GB/512 GB SSD/Windows 11/MS Office/Graphite/1.17Kg)","1,40,124",,Samsung,4,,,512 GB SSD,,,Windows 11
"LS LAPSTER Quality Assured Universal Silicone 15.6"" Keyboard Protector Skin|| Keyboard Dust Cover|| Keyboard Skin for 15.6"" Laptop| 15.6"" Keyguard| (3.93 x 11.81 x 0.39 inches)",99,,LS,4,,,,,,
"Lenovo Thinkbook 16 G6 AMD Ryzen 5 16"" Wuxga IPS Antiglare 300 NITS Thin and Light Laptop (16GB RAM/512GB SSD/Windows 11 Home/Fingerprint/Office 2021/Arctic Grey/1 Year Onsite/1.7 Kg), 21KKA07RIN","47,490",,Lenovo,4,AMD Ryzen 5 16,16 GB,512GB SSD,,,Windows 11 Home
"AIMIUZI Laptop Cooling Pad Laptop Cooler Stand, Laptop Fan Cooling Pad for 12-15.6 Inch Laptop Notebooks, 5 Quiet Fans, 5 Angle Adjustable Laptop Cooling Stand (Black)","1,250",,AIMIUZI,4,,,,,,
"Dyazo Water Resistant Laptop Sleeve/Laptop case/laptop cover with Handle Compatible for 15 Inch to 15.6"" Inches laptops & Notebooks - Grey",299,,Dyazo,4,,,,,,
"boAt EnergyShroom PB600 PowerPulse 27000mAh Power Bank| 160W Total Output, 2xUSB-C (2-Way Port), 2xUSB-A Port, 100W Type-C to C Cable, Compatible w/Laptop, Smartphone, Tablets Earphone,Watch(Gunmetal)","4,399",,boAt,4,,,,,,
"Samsung Galaxy Book3 Pro Intel 13th Gen i5 EvoTM 35.56cm(14"") Dynamic Amoled 2X, 3K Display, 120Hz, Ultra Thin & Light Laptop(16 GB/512 GB SSD/Windows 11/MS Office/Graphite/1.17Kg), NP940XFG-KC1IN","79,999",,Samsung,4,,,512 GB SSD,,,Windows 11
"Lenovo Gx20K78585 65W Laptop Adapter/Charger with Power Cord for Select Models (Round Pin), Black","1,139",,Lenovo,4,,,,,,
"HP 15,13th Gen Intel Core i7-1355U Laptop,(16GB DDR4, 512GB SSD) Antiglare, 15.6’’/39.6cm, FHD, Win11, M365 Basic(1yr), Office Home 24, Silver, 1.59kg, Iris Xe, FHD Camera w/Shutter, Backlit, fd0468tu","68,490",,HP,4,Intel Core i7-1355U Laptop,,512GB SSD,,,
"Chuwi GemiBook X Pro 14.1"" Laptop, 8GB LPDDR5 RAM 256GB SSD, Windows 11, Intel 12th Gen N100(up to 3.4GHz), WiFi 6, USB3.0, Webcam, Bluetooth 5.2, 38Wh, 1.46kg (Iron Gray)","18,990",,Chuwi,4,,,256GB SSD,,,Windows 11
"Lenovo Smartchoice Yoga Slim 7 Intel Core Ultra 5 125H Built-in AI 14""(35.5cm) WUXGA-OLED 400Nits Laptop (16GB/512GB SSD/60Hz/100% DCI-P3/Win11/MSO 21/1Yr ADP Free/Alexa/Grey/1.39Kg), 83CV003MIN","75,990",,Lenovo,5,Intel Core Ultra 5 125H Built-in AI 14,,512GB SSD,,,
"Lenovo LOQ 2024, AMD Ryzen 7 7435HS, NVIDIA RTX 4060-8GB, 24GB RAM, 512GB SSD, 15.6""/39.6cm, Windows 11, MS Office Home 2024, Grey, 2.4Kg, 83JC00EHIN, 100% sRGB, 3 Mon. Game Pass Gaming Laptop","90,151",,Lenovo,5,AMD Ryzen 7 7435HS,24 GB,512GB SSD,,,Windows 11
"Microsoft New Surface Pro (11Th Edition) - Windows 11 Home Copilot + Pc - 13"" LCD Pixelsense Touchscreen - Qualcomm Snapdragon X Plus (10 Core,Wi-Fi) - 16Gb Ram - 256Gb Ssd - Platinum - Zhx-00014","1,08,990",,Microsoft,5,,16 GB,256Gb Ssd,,,Windows 11 Home
"Lenovo V14 G4 (2024), Intel Core i3 13th Gen 1315U - (16GB/512GB SSD/Intel UHD Graphics/Windows 11 Home) Thin and Light Business Laptop/14.0"" FHD Display/Iron Grey/1.57 kg/MS Office","34,970",,Lenovo,5,Intel Core i3 13th Gen 1315U - ,,512GB SSD,"14.0"" FHD",Intel UHD Graphics,Windows 11 Home
"Logitech M186 Wireless Mouse, 2.4GHz with USB Mini Receiver, 12-Month Battery Life, 1000 DPI Optical Tracking, Ambidextrous, Compatible with PC, Mac, Laptop",499,,Logitech,5,,,,,,
"Florican Portable Invisible Laptop Riser Stand | Mini Aluminum Cooling Pad, Lightweight Laptop Desk Stand for MacBook, Lenovo, Dell, HP & Other Laptops (Cool Silver)",269,,Florican,5,,,,,,
"Wembley Educational Laptop for Kids Toys for 2-5 Years Learning Activity Computer Educational Toy for 3 Years Old Boy Learn Alphabet,Letter,Words,Games,Mathematics,Music,Logic Memory Tool,Multicolour",849,,Wembley,5,,,,,,
"SWISS MILITARY 30L Unisex Laptop Travel Backpack for 15.6-Inch Laptops – with Luggage Strap, Detachable Key Ring, Anti-Theft Pocket, Expandable Bottle Pocket for Office and College Use","1,549",,SWISS,5,,,,,,
"smashtronics Premium Metal Laptop Stand - Foldable, Height Adjustable Aluminum Note Book Stand (Steel Grey)",369,,smashtronics,5,,,,,,
"PLIXIO Adjustable Laptop Stand with 360° Rotating Base Tabletop Ergonomic Foldable Portable Holder Compatible for MacBook, HP, Dell, Lenovo & All Other Notebook (Sliver)","2,298",,PLIXIO,5,,,,,,
"acer Professional 14, Intel Core i7-1355U Turbo Boost, 32GB RAM, 1TB SSD, 14"" Full HD, Windows 11 Pro, MSO 21, 1.34KG, Backlite KB, Finger Print, Metal Body, 3 Year Warranty, TL14-52M, Light Laptop","78,990",,acer,5,Intel Core i7-1355U Turbo Boost,32 GB,1TB SSD,,,Windows 11 Pro
"Lenovo LOQ 2024 12Th Gen Intel Core I5-12450HX | NVIDIA RTX 2050 4GB (12GB RAM/512GB SSD/15.6"" (39.6Cm)/Windows 11/Office Home 2024/100% Srgb/3 Mon. Game Pass/Grey/2.4Kg), 83GS00LJIN Gaming Laptop","62,990",N/A,Lenovo,5,Intel Core I5-12450HX ,12 GB,512GB SSD,,,Windows 11
"Ant Esports NC160 Laptop Cooling Pad, Laptop Cooler with Mobile Holder 2 * 1 125mm Quite Fans at 1000 RPM Fan Speed Controller 5 Height Adjustable Angle 2USB Ports Compatible for Laptop up to 15.6”",549,,Ant,5,,,,,,
"VEBETO Educational Laptop for Kids (1 Year Warranty) w/ Mouse Games 20 Fun Computer Activity Learning Toy for 2 3 4 5 Years Boys Girls Learn Letters Words Mathematics Music Logic Memory Tool, Blue",898,,VEBETO,5,,,,,,
"amazon basics Laptop Stand, Height-Adjustable, Foldable, Portable, Ventilated, Fits Up to 15.6-Inch Laptops (Aluminium Alloy, Silver)",262,,amazon,5,,,,,,
"Dell MS116 Wired Optical Mouse, 1000DPI, LED Tracking, Scrolling Wheel, Plug and Play",309,,Dell,5,,,,,,
Aristocrat 25L Nova 3 Compartment Laptop Backpack - Black/School Bag,335,,Aristocrat,5,,,,,,
"Gooyo GY1041 Plug & Play Notebook Computer Toy with 30 Fun Activities | Educational Toy Laptop for Kids | Grey Color, Dual Power Supply Source: Micro USB Cable (Included) & 3xAA Battery (Not Included)","1,799",N/A,Gooyo,5,,,,,,
Lapcare DCX-A101 ChillMate Laptop Cooler (Black),649,,Lapcare,5,,,,,,
"ARZOPA 15.6'' FHD 1080P Portable Monitor with Kickstand,60Hz Ultra-Slim Portable Laptop Monitor with Speaker- IPS Eye Care Display for PC, MacBook, Mobile, Xbox, PS5 - USB C & HDMI Connectivity","12,880",,ARZOPA,5,,,,,,
"CHUWI CoreBook X Laptop 12thGen i3-1220P Processor, 8GB DDR4 RAM and 512GB SSD, Intel® UHD Graphics,14.0"" FHD IPS Display, Backlit Keyboard, Windows 11 Home, WIFI6, BT5.2, 3.5MM Jack, Metal Body, Grey","25,990",,CHUWI,5,,8 GB,512GB SSD,"14.0"" FHD",,Windows 11 Home
"Lenovo IdeaPad Slim 3 AMD Ryzen™ 3 7320U 14"" FHD Thin and Light Laptop (8 GB/512GB SDD/Windows 11 Home/Office Home & Student 2021/1Yr Warranty/Arctic Grey/1.37Kg), 82XN006MIN","29,990",,Lenovo,5,,,,"14"" FHD",,Windows 11 Home
"Lenovo LOQ 2024 12Th Gen Intel Core I5-12450HX | NVIDIA RTX 3050 6GB (16GB RAM/512GB SSD/15.6"" (39.6Cm)/Windows 11/Office Home 2024/100% Srgb/3 Mon. Game Pass/Grey/2.4Kg), 83GS00LNIN Gaming Laptop","70,490",,Lenovo,6,Intel Core I5-12450HX ,16 GB,512GB SSD,,,Windows 11
"Lenovo ThinkBook 16 Intel 13th Gen Core i5 16"" (40.64cm) WUXGA 300 Nits Antiglare Thin and Light Laptop (16GB/512GB SSD/Win 11 Home/Office 2021/Backlit Keyboard/Arctic Grey/1.7 Kg), 21KHA0J6IN","59,990",,Lenovo,6,,,512GB SSD,,,
Amazon Basics USB Powered Laptop Cooling Pad | Dual Fan | Dual USB Port | Blue LED Lights | 4 Adjustable Heights with Stand |,399,,Amazon,6,,,,,,
"EvoFox Blizzard RGB Cooling Pad for Gaming Laptop with Transparent Upper Surface, 2 Large Fans, 8 Adjustable Angles, Edge RGB Lighting, Additional USB Port for Laptops up to 43.18 cm (17 inches)","1,599",,EvoFox,6,,,,,,
"Asus Ad45-00B 45W Laptop Charger/Adapter for Select Models for Asus-20 V,2.5 A,4 Mm X 1.2Mm Diam-Black","1,449",,Asus,6,,,,,,
"FUR JADEN Anti Theft Number Lock Backpack Bag with 15.6 Inch Laptop Compartment, USB Charging Port & Organizer Pocket for Men Women Boys Girls",546,,FUR,6,,,,,,
Storite 1.5M Black 3 Pin Laptop Power Cable 18AWG Universal Replacement for Charger Adapter Power Cord for Laptop,298,,Storite,6,,,,,,
"Mokobara The Em Laptop Sleeve Compatible with 14 & 15.6"" inch Laptop, MacBook & Notebook | Padded Laptop Compartment with Luggage Sleeve (14 Inch, Black","1,149",,Mokobara,6,,,,,,
Simmtronics 8GB DDR3L Laptop RAM 1600 MHz (PC 12800) with 3 Year Warranty,660,,Simmtronics,6,,,,,,
"Dell Genuine Original Laptop Adapter Charger 65w 19.5V 3.34A (New Pin 4.5 * 3.0mm) MGJN9 for Inspiron 11 3147, 3148, 3152, i3152, 3153, 3157, 3158, 316 (with 3 Pin Power Cable)","1,424",,Dell,6,,,,,,
"hp 15, 13th Gen Intel Core i5-1335U with Turbo Boost, 16GB DDR4, 512GB SSD, (Win 11 Pro, MSO21, Black, 1.6 kg), 15.6-inch (39.6 cm) HD Laptop UHD Graphics, HD Camera, 250 G9","55,990",,hp,6,Intel Core i5-1335U with Turbo Boost,,512GB SSD,,,
"Lenovo V14 G3 14"" FHD Laptop, Intel Core i5-1235U, 16GB DDR4 RAM, 512GB SSD, Intel Iris Xe Graphics, Windows 11, Ms-Office Lifetime Validity, Iron Grey,1.6kg, 1 Year Onsite Brand Warranty","41,990",,Lenovo,6,Intel Core i5-1235U,16 GB,512GB SSD,"14"" FHD",Intel Iris Xe Graphics,Windows 11
"SWISS MILITARY 30L Unisex Laptop Travel Backpack for 15.6-Inch Laptops – with Luggage Strap, Detachable Key Ring, Anti-Theft Pocket, Expandable Bottle Pocket for Office and College Use","1,549",,SWISS,6,,,,,,
"PLIXIO Adjustable Laptop Stand with 360° Rotating Base Tabletop Ergonomic Foldable Portable Holder Compatible for MacBook, HP, Dell, Lenovo & All Other Notebook (Sliver)","3,999",,PLIXIO,6,,,,,,
"Ambrane 7-in-1 Cleaning Kit | All-in-One Keyboard Cleaning Kit with Brush & Cleaner for Bluetooth, AirPods, Laptop, Tablet, Phone, iPad, Smartwatch, MacBook, Earbuds & PC Accessories (ACK-02 White)",249,,Ambrane,6,,,,,,
"New Microsoft Surface Pro9 13"" Intel evo 12 Gen i7 / 16GB / 256GB Graphite with Windows 11 Home, Microsoft 365 Family 30-Day Trial & Xbox Game Pass Ultimate 30-Day Trial","1,32,990",,New,6,,,,,,Windows 11 Home
Zorbes Laptop Holder Desk With Silicone To Protect Notebook Vertical Laptop Stand Holder With Sizes Adjustable Dual Slots Laptop Dock Ipad Macbook Stand 13 Inch Stand Organizer Rack Tabletop,888,,Zorbes,6,,,,,,
ZedGear Microfiber Cleaning Polishing Cloth for Mobile Screen Camera Lense Tablets iPad Monitors Desktop Laptop Sunglasses and Other Glass Materials (Multi-Color) 6 x 7 Inches - Pack of 5,149,,ZedGear,6,,,,,,
"DYAZO 15"" to 15.6 Inch Laptop Sleeve/Cover with Handle & Two Front Accessories Pockets Compatible for Apple, Dell, Lenovo, Asus, Hp, Samsung, Mi, MacBook and Other Notbooks (Grey)",299,,DYAZO,6,,,,,,
"Wembley Educational Kids Laptop for 2-5 Years Boys Girls Computer Toys for 3 Years Fun Activity Learning Alphabet,Letter,Words,Games,Mathematics,Music,Logic Memory Tool - Blue",749,,Wembley,6,,,,,,
"Acer Aspire 3, 13th Gen, Intel Core i5-1334U Processor Laptop with 35.56 cm (14"") FHD LED-Backlit IPS Display (16GB RAM/512GB SSD/Intel Graphics/Win11Home) A324-53 Backlit Keyboard Steel Gray 1.45KG","44,990",,Acer,6,Intel Core i5-1334U Processor Laptop with 35,16 GB,512GB SSD,,,
"Primebook S 4G, 2025(New, WiFi+4G) Android Based MediaTek MT8788 - (PrimeOS) 4G SIM Slot, Thin and Light Laptop (11.6 Inch, 1.065 Kg, Type C, USB, HDMI, MicroSD) (4GB/128GB eMMC Storage, Black)","16,490",,Primebook,6,,,,,,
"Lenovo ThinkPad E14 AMD Ryzen 5 7535HS 14"" (35.56 cm) WUXGA IPS 300 Nits Thin and Light Laptop(16GB RAM/512GB SSD/Windows 11 Home/MS Office 2024/Backlit/Fingerprint/Graphite Black/1.42 kg), 21M3S0AJ00","55,990",N/A,Lenovo,7,AMD Ryzen 5 7535HS 14,16 GB,512GB SSD,,,Windows 11 Home
"Lenovo IdeaPad Pro 5 Intel Core Ultra 9 185H Built-in AI 14"" (35.5cm) 2.8K OLED 400Nits 120Hz Laptop (32GB RAM/1TB SSD/Windows 11/Office Home 2024/1Yr ADP Free/Grey/1.46Kg), 83D2004XIN","1,09,949",N/A,Lenovo,7,Intel Core Ultra 9 185H Built-in AI 14,32 GB,1TB SSD,,,Windows 11
"Dyazo 14.1 Inch Laptop Sleeve Case Cover With Handle And Two Front Pocket | Compatible For Lenovo, Hp, Dell, Asus, Acer & Other Notebooks (Grey)",299,,Dyazo,7,,,,,,
"Amazon Basics Laptop Bag Sleeve Case Cover Pouch for Men & Women | 14.1 Inch Laptop/MacBook, Office/College Laptop Bag | Side Handle | Multiple Pockets | Water Repellent | Shock Absorber (Grey)",223,,Amazon,7,,,,,,
"BAEYE Full Laptop Skin Stickers HD Quality Sticker for Laptops Upto 15.6"" (Dustproof|Waterproof|Scratchproof|Reusable) - BE GRAF BLDNG FL",221,,BAEYE,7,,,,,,
"Portronics Adapto 65C 65W Type C PD Super Fast Charger Adaptor for Laptop, Smartphone, iPads & Tablets, GaN Technology, Best for Samsung, iPhone, Nothing, iPads, MacBook, Type C Laptop(White)","1,419",,Portronics,7,,,,,,
Dyazo Laptop Cooling Pad |Laptop Stand with Cooling Fan | Adjustable Height 5 Step with Mobile Holder Compatible for All laptops & Notebook 11.6/13.3/14 / 15.6 inch - (Black),599,,Dyazo,7,,,,,,
OneAssist 2 Years Total Protection Plan for Laptop Between INR 30001-40000 (E-Mail Delivery Only),"1,799",,OneAssist,7,,,,,,
"Martucci Laptop Messenger Bag - Laptop Bag for Men, PU Leather Expandable,Multiple Organisers,Detachable Unisex Formal/Casual/Office Use Hand Bag,Supports Laptop Upto 15.6 inches (Tan)",698,,Martucci,7,,,,,,
"Zebronics, ZEB-NC3300 USB Powered Laptop Cooling Pad with Dual Fan, Dual USB Port and Blue LED Lights",499,,"Zebronics,",7,,,,,,
"Lenovo IdeaPad Slim 5 Intel Core Ultra 7 155H Built-in AI 16"" (40.64cm) WUXGA-IPS 300Nits Thin & Light Laptop (16GB/1TB SSD/Win 11/100% sRGB/MSO/1Yr ADP Free/3 Month Game Pass/Grey/1.8Kg), 83DC008VIN","86,990",,Lenovo,7,Intel Core Ultra 7 155H Built-in AI 16,,1TB SSD,,,
"Lenovo IdeaPad Slim 3 AMD Ryzen 3 7320U 14"" FHD Thin and Light Laptop (8 GB/512GB SDD/Windows 11 Home/Office Home & Student 2021/1Yr ADP Free/Arctic Grey/1.37Kg), 82XN006JIN","32,190",,Lenovo,7,AMD Ryzen 3 7320U 14,,,"14"" FHD",,Windows 11 Home
"Amazon Basics Laptop Bag Sleeve Case Cover Pouch for 15-Inch, 15.6-Inch Laptop for Men & Women | Slim Profile Neoprene, Soft Puffy Fabric Lining, 360° Protection, Smooth & Premium Zipper (Grey)",339,,Amazon,7,,,,,,
"Ambrane 85W Fast Charging Powerbank for MacBook, Type C Laptop & Mobile Charging, 20,000mAh Battery, Triple Output, Power Delivery & Quick Charge (Powerlit Ultra lite, Black)","3,799",,Ambrane,7,,,,,,
"Dell Laptop Charger 65W watt AC Power Adapter 7.4mm Tip, 19.5V 3.34A for Dell Latitude E5440 E5470 7480 E6540 E7440 E7450 E7250 E6440 E6430 7490 7290 5490 (Power Cord Included)","1,244",,Dell,7,,,,,,
"Ambrane 100W Fast Charging Powerbank for MacBook, Type C Laptop & Mobile Charging, 25,000mAh Battery, Triple Output, Power Delivery & Quick Charge (Powerlit Ultra, Black)","4,799",,Ambrane,7,,,,,,
"Mokobara The Em Laptop Sleeve Compatible with 14 & 15.6"" inch Laptop, MacBook & Notebook | Padded Laptop Compartment with Luggage Sleeve (14 Inch, We Meet Again Sunray (Limited Edition))","1,149",,Mokobara,7,,,,,,
Lenovo Original 65W 20V 3.25A Standard USB Type-C Ac Universal Adapter Charger for Smartphone,"1,319",,Lenovo,7,,,,,,
"100FIT 3 Pin Universal Power Cable for Laptop Charger Adapter - Replacement Cord (1.5M, Black)",148,,100FIT,7,,,,,,
"BARROT TV & Laptop Screen Cleaner (500ml) | Designed for LED/OLED/QLED/Plasma/LCD Displays | New Non-Alcohol Formula, Anti-Static, Safe for All Screens | Plush Microfiber Included",399,,BARROT,7,,,,,,
Lapcare HP Pavilion 15 Notebook PC 15-n100~299 HP Pavilion 15 TouchSmart Notebook PC 15-n200~299 HP Pavilion 14 Notebook PC 14-n100~299 HP Pavilion 14 TouchSmart Notebook PC 14-n200~299,"1,499",N/A,Lapcare,7,,,,,,
"Lenovo IdeaPad Slim 3, Intel Core i5-12450H, 12th Gen, 16GB RAM, 512GB SSD, FHD, 14""/35.5cm, Windows 11, MS Office Home 2024, Grey, 1.37Kg, 83EQ0072IN, Alexa Built-in, 3 mon. Game Pass Laptop","50,499",,Lenovo,8,Intel Core i5-12450H,16 GB,512GB SSD,,,Windows 11
"HP 15s,12th Gen Intel Core i3-1215U, 8GB DDR4, 256GB SSD, Anti-Glare, Micro-Edge, 15.6-inch(39.6cm) FHD Laptop, Intel UHD Graphics, Full-Size KB (Win 11, Office 21, Silver, 1.69kg) fy5010tu","30,990",,HP,8,Intel Core i3-1215U,,256GB SSD,,Intel UHD Graphics,
"Logitech M221 Wireless Mouse, Silent Buttons, 2.4 GHz with USB Mini Receiver, 1000 DPI Optical Tracking, 18-Month Battery Life, Ambidextrous PC/Mac/Laptop - Black",629,,Logitech,8,,,,,,
DailyObjects Medium Stria Portable Laptop Sleeve | Durable Polyester | Compatible with Laptop/MacBook Air/Pro Upto 14 in | Water Resistant Fabric |Padded Compartment with Zip Closure - Carbon Black,"1,199",,DailyObjects,8,,,,,,
"MOCA 15-16 Inch laptops 360° Waterproof Material Laptop Sleeve Case with Anti-Collision Protection, Full Velvet Interior, Dark Grey","1,299",,MOCA,8,,,,,,
"Lenovo Tab Plus with Octa JBL Hi-Fi Speakers| 8 GB RAM, 128 GB ROM| 11.5 Inch, 2K, 90 Hz Refresh| Wi-Fi Tablet| Android 14| 45 W Fast Charger| Built-in Kickstand| Color: Luna Grey","18,998",,Lenovo,8,,8 GB,,,,
"NISHTECH 3 Pin Laptop Power Cable Universal Replacement for Laptop Charger Adapter Power Cord for Laptop - (1.5M, Black)",148,,NISHTECH,8,,,,,,
"smashtronics - Adjustable Aluminum Laptop Stand - Foldable, Ventilated, Portable Stand for Desk & Tabletop, Compatible for 13-15 inch Laptops, Comes with Carry Pouch (Silver)",379,,smashtronics,8,,,,,,
"HP 65W USB C Laptop Charger AC Adapter Replacement for HP Spectre X360,Spectre,Elitebook x360,Elitebook,Envy,Chromebook,Elite x2,ProBook Travel Type C (Fit with 3 Pin Power Cable)","1,990",,HP,8,,,,,,
"Gizga Essentials 15.6 Inch Laptop Sleeve Case Cover Pouch Bag with Handle & Front Pocket| Slim & Water-Resistant Nylon Fabric with Shockproof Foam Padding, Soft Lining & Premium Zipper Closure (Grey)",289,,Gizga,8,,,,,,
"Lenovo IdeaPad 3, Intel Core i3-1215U, 12th Gen, 8GB RAM, 512GB SSD, FHD, 14""/35.5cm, Windows 11, MSOffice 2021, Arctic Grey, 1.43Kg, 82RJ00FUIN, 1 Year Warranty, 3months Game Pass, Thin& Light Laptop","32,990",,Lenovo,8,Intel Core i3-1215U,8 GB,512GB SSD,,,Windows 11
"MSI Modern 14, Intel 12Th Gen. I7-1255U, 36Cm FHD 60Hz Laptop(16GB/512GB NVME SSD/Windows 11 Home/Bluetooth/Mso 2021/Intel Iris Xe Graphics/Classic Black/1.4Kg), C12MO-1211IN","45,990",,MSI,8,,,,,Intel Iris Xe Graphics,Windows 11 Home
"Ceptics 200W Car Laptop Charger/car Inverter with 2X Universal Outlet with SmartVoltage™ Technology, 12V DC to 220V-AC with 18 Months Warranty, 18W 2 USB-A, 2 USB-C with 18W QC 3.0 - Grey","2,149",,Ceptics,8,,,,,,
Gear Classic 20L Small Faux Leather Water Resistant Anti Theft 3 Compartment Laptop Backpack/Office Backpack for Men/Women,809,,Gear,8,,,,,,
"Maxelon Power Cable & Dell Original 65W USB Type-C Adapter for Laptop, Latitude 5289 5290 7389 7390 7400- Black","1,849",,Maxelon,8,,,,,,
DailyObjects Medium Stria Portable Laptop Sleeve |Durable Polyester |Compatible with Laptop/MacBook Air/Pro Upto 14 Inch |Lightweight Water Resistant Fabric |Padded Compartment with Zip Closure- Green,"1,199",,DailyObjects,8,,,,,,
"Portronics Ampbox 27K 65W 27000 mAh 4-in-1 Fast Charging Nano Power Bank with 2 Type C PD Output Ports & 2 Mach USB Output Ports Compatible with Laptop, Android Smartphones, iPhones, iPad, Tablet","3,499",,Portronics,8,,,,,,
Microsoft New Surface Pro (11th Edition) - Windows 11 Home Copilot + PC - 13” OLED PixelSense Touchscreen - Qualcomm Snapdragon X Elite (12 Core) - 16GB RAM - 1TB SSD - Black - ZIB-00031,"1,80,990",,Microsoft,8,,16 GB,1TB SSD,,,Windows 11 Home
Crucial RAM 8GB DDR4 3200MHz CL22 (or 2933MHz or 2666MHz) Laptop Memory CT8G4SFRA32A,"1,409",,Crucial,8,,,,,,
"Elfora Electronic 20 in 1 Cleaning Kit| Multifunction Tool Kit with Screen Cleaning Cloth, Brush, Key Puller, Spray Bottle| Cleaner Kit for PC, Laptop, iPhone, iPad, MacBook, Airpod & Keyboard(Black)",529,,Elfora,8,,,,,,
"Lenovo IdeaPad Slim 3, Intel Core i5-12450H, 12th Gen, 16GB RAM, 512GB SSD, FHD, 14""/35.5cm, Windows 11, MS Office Home 2024, Grey, 1.37Kg, 83EQ0072IN, Alexa Built-in, 3 mon. Game Pass Laptop","50,499",,Lenovo,9,Intel Core i5-12450H,16 GB,512GB SSD,,,Windows 11
"Lenovo IdeaPad Slim 3, Intel Core i3, 12th Gen, 8GB RAM, 512GB SSD, FHD, 15.6""/39.62cm, Windows 11, Office Home 2024, Arctic Grey, 1.63Kg, 82RK01ABIN, Intel UHD Graphics, 1Yr ADP Free Laptop","33,990",,Lenovo,9,Intel Core i3,8 GB,512GB SSD,,Intel UHD Graphics,Windows 11
"Ant Esports NC210 Gaming Notebook Cooler with 6 Cooling Fans for 10"" - 15.6"" Laptops, RGB Lights, 2 USB Ports","1,099",,Ant,9,,,,,,
"CodersParadise - Pack of 51 Laptop Vinyl Self-Adhesive Sticker for Programmer, Coder, Developer, IT Professional - Multicolor Stickers for Laptop, Journal, Guitar, Mobile - Waterproof Residue Free",249,,CodersParadise,9,,,,,,
"Oblivion Mini USB LED Desk Light 5Pc – Adjustable Bendable Portable Lamp for Power Bank, Laptop Use, Energy-Saving Combo Pack with Light White Color, Eye Protection for Night Reading & Bedroom Work",148,,Oblivion,9,,,,,,
"Gizga Essentials Universal Silicone Keyboard Protector Skin for 15.6 Inch Laptop |Keyboard Dust Cover | 15.6"" Keyguard (36.5 X 13.5 Cm)",99,,Gizga,9,,,,,,
Crucial RAM 16GB DDR4 3200 MHz CL22 Laptop Memory CT16G4SFRA32A,"2,669",,Crucial,9,,,,,,
"Dyazo ABS Plastic Laptop Stand Height & Angle Adjustable | Foldable | Portable | Laptops Raiser Compatible for MacBook, Lenovo, HP, Dell & Other notebooks Upto 15.6 inch (Black)",279,,Dyazo,9,,,,,,
HARISSONS Laptop & Mobile Travel Friendly Charger Pouch Organizer for Men & Women | Water Repellent & Weatherproof with Multiple Compartments (Dark Grey),199,,HARISSONS,9,,,,,,
"Gift Kya De Laptop Stand, Tablet Stand, Mobile, and Power Bank, All in One Multi Device Charging Station and Organizer, Wooden Vertical Laptop Stand Holder - Dark Wood",505,,Gift,9,,,,,,
"HP 15s,12th Gen Intel Core i3-1215U, 8GB DDR4, 256GB SSD, Anti-Glare, Micro-Edge, 15.6-inch(39.6cm) FHD Laptop, Intel UHD Graphics, Full-Size KB (Win 11, Office 21, Silver, 1.69kg) fy5010tu","30,990",,HP,9,Intel Core i3-1215U,,256GB SSD,,Intel UHD Graphics,
"MSI Modern 14, Intel 12Th Gen. I7-1255U, 36Cm FHD 60Hz Laptop(16GB/512GB NVME SSD/Windows 11 Home/Bluetooth/Mso 2021/Intel Iris Xe Graphics/Classic Black/1.4Kg), C12MO-1211IN","45,990",,MSI,9,,,,,Intel Iris Xe Graphics,Windows 11 Home
"PLIXIO Aluminum Tabletop Laptop Stand Ergonomic Foldable Portable Laptop Stand Holder Compatible for MacBook, HP, Dell, Lenovo & All Other Notebook (Sliver)","1,999",,PLIXIO,9,,,,,,
"PLIXIO Aluminum Tabletop Laptop Stand Ergonomic Foldable Portable Laptop Stand Holder Compatible for MacBook, HP, Dell, Lenovo & All Other Notebook (Sliver)","1,499",,PLIXIO,9,,,,,,
Dell Original 65W 19.5v 4.5mm Pin Laptop AC Adapter-Black Without Power Cord (Part Code MGJN9),"1,399",,Dell,9,,,,,,
"Ant Esports GP110 Wired Gamepad, Compatible for PC & Laptop Computer (Windows 10/8 /7) / PS3 / Android",889,,Ant,9,,,,,,Windows 10
Lenovo Plastic Gx21M75594 45W Laptop Adapter/Charger with Power Cord for Select Models of Lenovo (Round Pin),"1,189",,Lenovo,9,,,,,,
"Gooyo 2011A Battery Operated Educational Learning Laptop Toy with LED Display and Music Effect | Babies/Girls/Boys/Toddlers, Power Source: 3xAA Battery (Not Included)",369,,Gooyo,9,,,,,,
OneAssist 2 Years Total Protection Plan for Laptop Between INR 40001-50000 (E-Mail Delivery Only),"2,299",,OneAssist,9,,,,,,
"1080P Webcam with Microphone, eMeet C960 Web Camera, 2 Mics Streaming Webcam with Privacy Cover, 90°View Computer Camera, Plug&Play USB Webcam for Calls/Conference, Zoom/Skype/YouTube, Laptop/Desktop","3,490",,1080P,9,,,,,,
"Lenovo IdeaPad Slim 3, Intel Core i5-12450H, 12th Gen, 16GB RAM, 512GB SSD, FHD, 14""/35.5cm, Windows 11, MS Office Home 2024, Grey, 1.37Kg, 83EQ0072IN, Alexa Built-in, 3 mon. Game Pass Laptop","50,499",,Lenovo,10,Intel Core i5-12450H,16 GB,512GB SSD,,,Windows 11
"Lenovo IdeaPad Slim 3, Intel Core i3, 12th Gen, 8GB RAM, 512GB SSD, FHD, 15.6""/39.62cm, Windows 11, Office Home 2024, Arctic Grey, 1.63Kg, 82RK01ABIN, Intel UHD Graphics, 1Yr ADP Free Laptop","33,990",,Lenovo,10,Intel Core i3,8 GB,512GB SSD,,Intel UHD Graphics,Windows 11
Amazon Basics 14-inches Laptop sleeve (Black),359,,Amazon,10,,,,,,
"MiniExplorer Educational Computer Laptop Toy for Kids with Mouse |Toys for 2 - 5 Years Old Boys Girls| Learning Activity Alphabet, Letter, Words, Games & Music, Mathematics Logical Memory Tool - Blue",790,,MiniExplorer,10,,,,,,
65W Laptop Charger for DELL Latitude E5470 7480 7490 E7250 3300 3380 5280 5480 5490 E5440 E5470 E6540 E7440 E7450 E7250 E6440 E6430 7290 5490 5590 5290 19.5V 3.34A AC Adapter (with Power Cable),"1,499",,65W,10,,,,,,
"Elton Van Gogh Starry Night Theme 3M Skin Case Vinyl Laptop Skin Case Sticker Reusable Protector Cover Case for 11.6"" -15.6"" Inch Acer Leonovo Sony Asus Toshiba Hp Samsung Dell",189,,Elton,10,,,,,,
"Brand Conquer 7 in 1 Multi-Function Laptop Cleaning Brush/Keyboard Cleaning kit/Gadget Cleaning kit Gap Duster Key-Cap Puller for Laptop,Monitor,Keyboard and Earphones with Spray Bottle",197,,Brand,10,,,,,,
amazon basics Vertical Laptop Stand | Space-Saving Design | Scratch-Resistant | Fits All Laptops Up to 17.3 inches (43.94cm),799,,amazon,10,,,,,,
"LAXIS Laptop Sleeve Case Cover Pouch, Nylon Laptop Sleeve with Handle Fit Upto 15.6"" Laptops, Padded, Waterproof & Dust-Proof (Size 38x27x4 cm), Laptop Hand Bag for Men & Women",149,,LAXIS,10,,,,,,
"Ambrane 65W Charger Adapter, 3 Ports - 2 Type C & 1 USB for Samsung, Type C Laptops: MacBook, Dell, HP, ASUS, Fast Charger with PD Technology & GaN Technology for All Devices (RAAP G65, Black)","1,840",,Ambrane,10,,,,,,
"HP 15s,12th Gen Intel Core i3-1215U, 8GB DDR4, 256GB SSD, Anti-Glare, Micro-Edge, 15.6-inch(39.6cm) FHD Laptop, Intel UHD Graphics, Full-Size KB (Win 11, Office 21, Silver, 1.69kg) fy5010tu","30,990",,HP,10,Intel Core i3-1215U,,256GB SSD,,Intel UHD Graphics,
"MSI Modern 14, Intel 12Th Gen. I7-1255U, 36Cm FHD 60Hz Laptop(16GB/512GB NVME SSD/Windows 11 Home/Bluetooth/Mso 2021/Intel Iris Xe Graphics/Classic Black/1.4Kg), C12MO-1211IN","45,990",,MSI,10,,,,,Intel Iris Xe Graphics,Windows 11 Home
Zebronics ZEB-KM2100 Multimedia USB Keyboard Comes with 114 Keys Including 12 Dedicated Multimedia Keys & with Rupee Key,229,,Zebronics,10,,,,,,
Zipline Office Faux Leather laptop bag for Men - Fits 14/15.6/16 inch Laptop Messenger Bags For Mens (1-Black Bag),996,,Zipline,10,,,,,,
Fur Jaden,699,,Fur,10,,,,,,
"WildHorn 31L Laptop Backpack for Men/Women I Fits upto 15.6"" Laptop I Waterproof I Travel/Business/College Bookbags",699,,WildHorn,10,,,,,,
FUR JADEN Vegan Leather Stylish 15.6 Inch Laptop Backpack Travel Weekender Bag For Men Women,"1,799",,FUR,10,,,,,,
"Lenovo Tab Plus with Octa JBL Hi-Fi Speakers| 8 GB RAM, 256 GB ROM| 11.5 Inch, 2K, 90 Hz Refresh| Wi-Fi Tablet| Android 14| 45 W Fast Charger| Built-in Kickstand| Color: Luna Grey","20,998",,Lenovo,10,,8 GB,,,,
OneAssist 2 Years Total Protection Plan for Laptop Between INR 25001-30000 (E-Mail Delivery Only),"1,399",,OneAssist,10,,,,,,
"SiCoast 15.6 Inch Protective Laptop Cover & Accessories Kit - Waterproof Case, 360° Padded Sleeve, Zipper Pocket, Charger Pouch with Keyboard Cover and Cleaning Kit- Men & Women",698,,SiCoast,10,,,,,,
